Tip Number,Tip Name,Archetype,Tip Text
20,Set Your Intention,Transformational Traveler,"Most days unfold by default — decided by habit, obligation, and other people's urgency. Today, choose differently. Before you begin, ask yourself: Who do I want to be today, and what do I want this day to give me? Set that intention clearly. Then let everything that happens be in conversation with it."
20,Set Your Intention,Purpose-Driven Traveler,"Purpose isn't something you find — it's something you bring. Before this day begins, take five quiet minutes and decide what you most want from it. Not what you'll do, but what you'll experience. An intention doesn't narrow your day. It focuses it."
20,Set Your Intention,Adventure-Oriented Traveler,"The best athletes visualize before they perform. Try it for today. Before you head out, take two minutes and picture what kind of day you want — not the itinerary, but the feeling. What state do you want to be in? Now go build it."
20,Set Your Intention,Cultural Explorer,"Every meaningful encounter begins with openness rather than agenda. Before you step outside today, set a single clear intention: what you most want to learn or experience. Hold it lightly — ready to be surprised. What you actually find may be better than what you planned."
20,Set Your Intention,Easygoing Traveler,"Here's a 30-second exercise before your day starts: What's one thing you really hope happens today? Doesn't have to be big. A good meal, a moment of quiet, a view you'll remember. Just naming it tends to make it more likely. What is it?"
21,Disconnect to Reconnect,Transformational Traveler,"Every photo you take is a micro-exit from your actual experience. Today, try something uncomfortable: put the phone in your pocket for two full hours. Don't document it. Just live it. What becomes available to you when you stop performing the trip and start having it?"
21,Disconnect to Reconnect,Purpose-Driven Traveler,"The device in your pocket is optimized to pull you away from where you are. Today, notice how often you reach for it — and what you're reaching away from. For two hours, choose presence over documentation. What do you find when there's nothing between you and this place?"
21,Disconnect to Reconnect,Adventure-Oriented Traveler,"The best moments out here can't be captured — only experienced. Put the phone away for a stretch today and see what it feels like to be fully in your body, in this place, with no screen mediating it. What do you feel that the camera was filtering out?"
21,Disconnect to Reconnect,Cultural Explorer,"A camera keeps you at a slight remove from what you're seeing. Today, spend time somewhere without photographing it — just observe with your full attention. What do you notice that you would have framed out? What does it feel like to simply be a witness?"
21,Disconnect to Reconnect,Easygoing Traveler,"Try going phone-free for two hours today — not as a challenge, just as an experiment. Leave it in your bag and see what happens. You might find you're more relaxed, more present, and having more fun than when you were capturing it. Worth finding out."
22,Travel Light on the Land,Transformational Traveler,"You are not just a witness here — you are a participant. Every place you visit is changed by your presence: where you spend money, how you interact with locals, what you leave behind. Today, travel as a guest, not a consumer. What does it mean to leave this place a little better than you found it?"
22,Travel Light on the Land,Purpose-Driven Traveler,"Meaningful travel is a relationship, not a transaction. Today, pay attention to whether you're taking from this place or contributing to it. Buy from a local, learn a word of the language, treat service workers as people rather than services. What's one thing you can do today that gives something back?"
22,Travel Light on the Land,Adventure-Oriented Traveler,"The wild places and real communities that make travel worth it are fragile. Today, think about how your presence here lands — where you walk, what you buy, how you interact. The most experienced travelers leave places better than they found them. What would that look like today?"
22,Travel Light on the Land,Cultural Explorer,"Tourism is one of the world's most powerful economic forces — and one of the most destructive when it's unconscious. Today, make one deliberate choice that supports the local economy, culture, or environment rather than extracting from it. What does it feel like to travel as a participant rather than a spectator?"
22,Travel Light on the Land,Easygoing Traveler,"No grand gestures needed — just one small awareness today. Buy something from a local market instead of a chain. Tip a little more. Say thank you in the local language. Small things add up, and they make the trip feel better too. What's one small way you can be a good guest today?"
23,Embrace the Disruption,Transformational Traveler,"The plan was never the point. When something goes sideways today, resist the urge to fix it immediately. Sit in the disruption and ask: What is this making possible that the plan wasn't? The best transformations often enter through the broken door."
23,Embrace the Disruption,Purpose-Driven Traveler,"Disruption has a way of clearing the path to what actually matters. When things don't go as planned today, treat it as information rather than failure. What is this inconvenience redirecting you toward? What you find in the detour is often more meaningful than what you were going to."
23,Embrace the Disruption,Adventure-Oriented Traveler,"Real adventurers know: the story is never about the plan — it's about what happens when the plan falls apart. When something goes wrong today, lean into it instead of fighting it. What does the disruption make possible? Some of the best experiences start with things going sideways."
23,Embrace the Disruption,Cultural Explorer,"Disorientation is your most powerful learning state. When you're confused, lost, or frustrated today, pay attention — that's precisely when you're encountering something genuinely foreign. What is this disruption teaching you about this place, or about yourself?"
23,Embrace the Disruption,Easygoing Traveler,"Things go a little sideways sometimes. When they do today, try this: take a breath and ask what's actually good about the situation. Wrong turn, missed reservation, unexpected rain — these often lead somewhere better. What's the best thing that could come from this not going as planned?"
24,Create a Ritual,Transformational Traveler,"Ritual is how humans mark what matters. Without it, experience flows through us without leaving a trace. Create one small repeated practice for this trip — a morning page, an evening walk to the same place, a moment of stillness before dinner. What ritual would make this time feel sacred rather than just busy?"
24,Create a Ritual,Purpose-Driven Traveler,"Meaning doesn't accumulate automatically — it requires structure. Create one small ritual that separates this trip from ordinary time. Something simple, repeated, intentional. It could be three sentences each morning or a quiet coffee before anyone else is awake. What practice would help you metabolize what's happening?"
24,Create a Ritual,Adventure-Oriented Traveler,"Ritual sounds like the opposite of adventure — but even the most driven explorers build practices that ground them. Create one small daily habit for this trip: a run at dawn, a moment of stillness at the end of each day, something that is reliably yours. What anchors you when everything else is in motion?"
24,Create a Ritual,Cultural Explorer,"Every culture is built on ritual — daily practices that connect people to what they value. Create your own small ritual for this trip, perhaps borrowed from what you see here: the morning coffee culture, the evening paseo, the habit of the market. What daily practice, invented or borrowed, could give this trip its own rhythm?"
24,Create a Ritual,Easygoing Traveler,"You don't need a meditation practice or a journal habit. Just pick one small thing to do every day of this trip — coffee in a specific spot, a short walk before bed, a few sentences about the day. Repeated small pleasures become the things you remember most. What's yours?"
